"","primarydi","storagehandlinghigh__unit_","storagehandlinghigh__value_","value","category"
"1","00850144008925","Degrees Celsius",35,"60","celcius/fahrenheit"
"2","00190746076589","Degrees Celsius",38,"60","celcius/fahrenheit"
"3","00851383003528","Percent (%) Relative Humidity",40,"60","humidity"
"4","00851383003214","Percent (%) Relative Humidity",40,"60","humidity"
"5","00851383003108","Percent (%) Relative Humidity",40,"60","humidity"
"6","00851383003078","Percent (%) Relative Humidity",40,"60","humidity"
"7","00851383003061","Percent (%) Relative Humidity",40,"60","humidity"
"8","00851383003054","Percent (%) Relative Humidity",40,"60","humidity"
"9","00851383003047","Percent (%) Relative Humidity",40,"60","humidity"
"10","00851383003030","Percent (%) Relative Humidity",40,"60","humidity"
"11","00851383003023","Percent (%) Relative Humidity",40,"60","humidity"
"12","00851383003016","Percent (%) Relative Humidity",40,"60","humidity"
"13","00851383003009","Percent (%) Relative Humidity",40,"60","humidity"
"14","00813909010830","Degrees Celsius",40,"60","celcius/fahrenheit"
"15","08033737712290","Degrees Celsius",50,"60","celcius/fahrenheit"
"16","00850001096232","Degrees Fahrenheit",60,"60","celcius/fahrenheit"
"17","00850001096225","Percent (%) Relative Humidity",60,"60","humidity"
"18","00850001096218","Percent (%) Relative Humidity",60,"60","humidity"
"19","00850001096201","Percent (%) Relative Humidity",60,"60","humidity"
"20","00850001096195","Percent (%) Relative Humidity",60,"60","humidity"
"21","00850001096188","Percent (%) Relative Humidity",60,"60","humidity"
"22","00850001096171","Percent (%) Relative Humidity",60,"60","humidity"
"23","00850001096089","Percent (%) Relative Humidity",60,"60","humidity"
"24","00850001096072","Percent (%) Relative Humidity",60,"60","humidity"
"25","00850001096065","Percent (%) Relative Humidity",60,"60","humidity"
"26","00850001096058","Percent (%) Relative Humidity",60,"60","humidity"
"27","00850001096041","Percent (%) Relative Humidity",60,"60","humidity"
"28","00850001096034","Percent (%) Relative Humidity",60,"60","humidity"
"29","00850001096027","Percent (%) Relative Humidity",60,"60","humidity"
"30","00850001096010","Percent (%) Relative Humidity",60,"60","humidity"
"31","00850001096003","Percent (%) Relative Humidity",60,"60","humidity"
"32","00190746076633","Percent (%) Relative Humidity",60,"60","humidity"
"33","00190746076626","Percent (%) Relative Humidity",60,"60","humidity"
"34","00190746076619","Percent (%) Relative Humidity",60,"60","humidity"
"35","00190746076602","Percent (%) Relative Humidity",60,"60","humidity"
"36","00190746076596","Percent (%) Relative Humidity",60,"60","humidity"
"37","00190746076589","Percent (%) Relative Humidity",60,"60","humidity"
"38","00190746076572","Percent (%) Relative Humidity",60,"60","humidity"
"39","00190746076565","Percent (%) Relative Humidity",60,"60","humidity"
"40","00190746076558","Percent (%) Relative Humidity",60,"60","humidity"
"41","00190746076541","Percent (%) Relative Humidity",60,"60","humidity"
"42","00190746076534","Percent (%) Relative Humidity",60,"60","humidity"
"43","00190746076527","Percent (%) Relative Humidity",60,"60","humidity"
"44","00190746076510","Percent (%) Relative Humidity",60,"60","humidity"
"45","00190746076503","Percent (%) Relative Humidity",60,"60","humidity"
"46","00190746076497","Percent (%) Relative Humidity",60,"60","humidity"
"47","00190746026812","Percent (%) Relative Humidity",60,"60","humidity"
"48","00190746026768","Percent (%) Relative Humidity",60,"60","humidity"
"49","00190746026720","Percent (%) Relative Humidity",60,"60","humidity"
"50","00190746026690","Percent (%) Relative Humidity",60,"60","humidity"
"51","00190746026669","Percent (%) Relative Humidity",60,"60","humidity"
"52","00190746026621","Percent (%) Relative Humidity",60,"60","humidity"
"53","00190746026614","Percent (%) Relative Humidity",60,"60","humidity"
"54","00190746026577","Percent (%) Relative Humidity",60,"60","humidity"
"55","00190746026539","Percent (%) Relative Humidity",60,"60","humidity"
"56","00190746026492","Percent (%) Relative Humidity",60,"60","humidity"
"57","00190746026485","Percent (%) Relative Humidity",60,"60","humidity"
"58","00190746026447","Percent (%) Relative Humidity",60,"60","humidity"
"59","00190746026423","Percent (%) Relative Humidity",60,"60","humidity"
"60","00190746026393","Percent (%) Relative Humidity",60,"60","humidity"
"61","00190746026355","Percent (%) Relative Humidity",60,"60","humidity"
"62","00190746026348","Percent (%) Relative Humidity",60,"60","humidity"
"63","00190746026300","Percent (%) Relative Humidity",60,"60","humidity"
"64","00190746026294","Percent (%) Relative Humidity",60,"60","humidity"
"65","00190746026270","Percent (%) Relative Humidity",60,"60","humidity"
"66","00190746026263","Percent (%) Relative Humidity",60,"60","humidity"
"67","00190746026249","Percent (%) Relative Humidity",60,"60","humidity"
"68","00190746026201","Percent (%) Relative Humidity",60,"60","humidity"
"69","00190746026195","Percent (%) Relative Humidity",60,"60","humidity"
"70","00190746026164","Percent (%) Relative Humidity",60,"60","humidity"
"71","00190746026157","Percent (%) Relative Humidity",60,"60","humidity"
"72","00190746026126","Percent (%) Relative Humidity",60,"60","humidity"
"73","00190746026096","Percent (%) Relative Humidity",60,"60","humidity"
"74","00190746026072","Percent (%) Relative Humidity",60,"60","humidity"
"75","00190746026065","Percent (%) Relative Humidity",60,"60","humidity"
"76","00190746026034","Percent (%) Relative Humidity",60,"60","humidity"
"77","00190746026027","Percent (%) Relative Humidity",60,"60","humidity"
"78","00190746025983","Percent (%) Relative Humidity",60,"60","humidity"
"79","00190746025358","Percent (%) Relative Humidity",60,"60","humidity"
"80","00190746025198","Percent (%) Relative Humidity",60,"60","humidity"
"81","00190746025150","Percent (%) Relative Humidity",60,"60","humidity"
"82","00190746025129","Percent (%) Relative Humidity",60,"60","humidity"
"83","00190746024986","Percent (%) Relative Humidity",60,"60","humidity"
"84","00190746024948","Percent (%) Relative Humidity",60,"60","humidity"
"85","00190746024917","Percent (%) Relative Humidity",60,"60","humidity"
"86","00190746024801","Percent (%) Relative Humidity",60,"60","humidity"
"87","00190746024719","Percent (%) Relative Humidity",60,"60","humidity"
"88","00190746022951","Percent (%) Relative Humidity",60,"60","humidity"
"89","00190746022739","Percent (%) Relative Humidity",60,"60","humidity"
"90","00190746020261","Percent (%) Relative Humidity",60,"60","humidity"
"91","00190746020032","Percent (%) Relative Humidity",60,"60","humidity"
"92","00190746019999","Percent (%) Relative Humidity",60,"60","humidity"
"93","B944TWPD1DA0320150","Percent (%) Relative Humidity",60,"60","humidity"
"94","30653405059923","Percent (%) Relative Humidity",60,"60","humidity"
"95","20885380182928","Percent (%) Relative Humidity",60,"60","humidity"
"96","10653405055266","Percent (%) Relative Humidity",60,"60","humidity"
"97","10653405055259","Percent (%) Relative Humidity",60,"60","humidity"
"98","00353885011969","Percent (%) Relative Humidity",65,"60","humidity"
"99","50885380150096","Percent (%) Relative Humidity",65,"60","humidity"
"100","10885380150081","Percent (%) Relative Humidity",65,"60","humidity"
"101","00850144008956","Percent (%) Relative Humidity",70,"70","humidity"
"102","00850144008949","Percent (%) Relative Humidity",70,"70","humidity"
"103","00850144008925","Percent (%) Relative Humidity",70,"70","humidity"
"104","00850144008710","Percent (%) Relative Humidity",70,"70","humidity"
"105","00850144008680","Percent (%) Relative Humidity",70,"70","humidity"
"106","00850144008659","Percent (%) Relative Humidity",70,"70","humidity"
"107","00850144008628","Percent (%) Relative Humidity",70,"70","humidity"
"108","00850144008598","Percent (%) Relative Humidity",70,"70","humidity"
"109","00850144008567","Percent (%) Relative Humidity",70,"70","humidity"
"110","00850144008543","Percent (%) Relative Humidity",70,"70","humidity"
"111","00850144008512","Percent (%) Relative Humidity",70,"70","humidity"
"112","00850144008482","Percent (%) Relative Humidity",70,"70","humidity"
"113","00850144008451","Percent (%) Relative Humidity",70,"70","humidity"
"114","00850144008437","Percent (%) Relative Humidity",70,"70","humidity"
"115","00850144008406","Percent (%) Relative Humidity",70,"70","humidity"
"116","00850144008376","Percent (%) Relative Humidity",70,"70","humidity"
"117","00850144008345","Percent (%) Relative Humidity",70,"70","humidity"
"118","00850144008314","Percent (%) Relative Humidity",70,"70","humidity"
"119","00850144008284","Percent (%) Relative Humidity",70,"70","humidity"
"120","00850144008260","Percent (%) Relative Humidity",70,"70","humidity"
"121","00850144008239","Percent (%) Relative Humidity",70,"70","humidity"
"122","00850144008215","Percent (%) Relative Humidity",70,"70","humidity"
"123","00850144008208","Percent (%) Relative Humidity",70,"70","humidity"
"124","00850144008192","Percent (%) Relative Humidity",70,"70","humidity"
"125","00850144008178","Percent (%) Relative Humidity",70,"70","humidity"
"126","00850144008161","Percent (%) Relative Humidity",70,"70","humidity"
"127","00850144008154","Percent (%) Relative Humidity",70,"70","humidity"
"128","00850144008147","Percent (%) Relative Humidity",70,"70","humidity"
"129","00850144008130","Percent (%) Relative Humidity",70,"70","humidity"
"130","00850144008123","Percent (%) Relative Humidity",70,"70","humidity"
"131","00850144008116","Percent (%) Relative Humidity",70,"70","humidity"
"132","00850144008109","Percent (%) Relative Humidity",70,"70","humidity"
"133","00850144008093","Percent (%) Relative Humidity",70,"70","humidity"
"134","00850144008079","Percent (%) Relative Humidity",70,"70","humidity"
"135","00850144008062","Percent (%) Relative Humidity",70,"70","humidity"
"136","00850144008031","Percent (%) Relative Humidity",70,"70","humidity"
"137","00850144008024","Percent (%) Relative Humidity",70,"70","humidity"
"138","00850144008017","Percent (%) Relative Humidity",70,"70","humidity"
"139","00850144008000","Percent (%) Relative Humidity",70,"70","humidity"
"140","00819667020159","Percent (%) Relative Humidity",70,"70","humidity"
"141","00819667020142","Percent (%) Relative Humidity",70,"70","humidity"
"142","00819667020128","Percent (%) Relative Humidity",70,"70","humidity"
"143","00818089022734","Percent (%) Relative Humidity",70,"70","humidity"
"144","00818089022727","Percent (%) Relative Humidity",70,"70","humidity"
"145","00818089022710","Percent (%) Relative Humidity",70,"70","humidity"
"146","00814434020707","Percent (%) Relative Humidity",70,"70","humidity"
"147","00814434020691","Percent (%) Relative Humidity",70,"70","humidity"
"148","00814434020684","Percent (%) Relative Humidity",70,"70","humidity"
"149","00814434020677","Percent (%) Relative Humidity",70,"70","humidity"
"150","00814434020660","Percent (%) Relative Humidity",70,"70","humidity"
"151","00814434020653","Percent (%) Relative Humidity",70,"70","humidity"
"152","00814434020646","Percent (%) Relative Humidity",70,"70","humidity"
"153","00814434020639","Percent (%) Relative Humidity",70,"70","humidity"
"154","00814434020622","Percent (%) Relative Humidity",70,"70","humidity"
"155","00814434020615","Percent (%) Relative Humidity",70,"70","humidity"
"156","30653405056298","Percent (%) Relative Humidity",70,"70","humidity"
"157","30653405055376","Percent (%) Relative Humidity",70,"70","humidity"
"158","30653405055369","Percent (%) Relative Humidity",70,"70","humidity"
"159","10889950002183","Percent (%) Relative Humidity",70,"70","humidity"
"160","10889950002176","Percent (%) Relative Humidity",70,"70","humidity"
"161","10889950002169","Percent (%) Relative Humidity",70,"70","humidity"
"162","10889950002152","Percent (%) Relative Humidity",70,"70","humidity"
"163","10889950002145","Percent (%) Relative Humidity",70,"70","humidity"
"164","10889950002138","Percent (%) Relative Humidity",70,"70","humidity"
"165","10889950002121","Percent (%) Relative Humidity",70,"70","humidity"
"166","10889950002114","Percent (%) Relative Humidity",70,"70","humidity"
"167","10850510007443","Percent (%) Relative Humidity",70,"70","humidity"
"168","10850510007436","Percent (%) Relative Humidity",70,"70","humidity"
"169","10850510007429","Percent (%) Relative Humidity",70,"70","humidity"
"170","10850510007412","Percent (%) Relative Humidity",70,"70","humidity"
"171","10850510007405","Percent (%) Relative Humidity",70,"70","humidity"
"172","10850510007399","Percent (%) Relative Humidity",70,"70","humidity"
"173","10850510007382","Percent (%) Relative Humidity",70,"70","humidity"
"174","10850510007375","Percent (%) Relative Humidity",70,"70","humidity"
"175","10850510007368","Percent (%) Relative Humidity",70,"70","humidity"
"176","10850510007351","Percent (%) Relative Humidity",70,"70","humidity"
"177","10850510007344","Percent (%) Relative Humidity",70,"70","humidity"
"178","10850510007337","Percent (%) Relative Humidity",70,"70","humidity"
"179","10850510007320","Percent (%) Relative Humidity",70,"70","humidity"
"180","10850510007313","Percent (%) Relative Humidity",70,"70","humidity"
"181","10850510007306","Percent (%) Relative Humidity",70,"70","humidity"
"182","10850510007290","Percent (%) Relative Humidity",70,"70","humidity"
"183","10850510007283","Percent (%) Relative Humidity",70,"70","humidity"
"184","10850510007276","Percent (%) Relative Humidity",70,"70","humidity"
"185","10850510007269","Percent (%) Relative Humidity",70,"70","humidity"
"186","10850510007252","Percent (%) Relative Humidity",70,"70","humidity"
"187","10850510007245","Percent (%) Relative Humidity",70,"70","humidity"
"188","10850510007238","Percent (%) Relative Humidity",70,"70","humidity"
"189","10850510007221","Percent (%) Relative Humidity",70,"70","humidity"
"190","10850510007214","Percent (%) Relative Humidity",70,"70","humidity"
"191","10850510007207","Percent (%) Relative Humidity",70,"70","humidity"
"192","10850510007191","Percent (%) Relative Humidity",70,"70","humidity"
"193","10850510007184","Percent (%) Relative Humidity",70,"70","humidity"
"194","10850510007177","Percent (%) Relative Humidity",70,"70","humidity"
"195","10850510007160","Percent (%) Relative Humidity",70,"70","humidity"
"196","10850510007153","Percent (%) Relative Humidity",70,"70","humidity"
"197","10850510007146","Percent (%) Relative Humidity",70,"70","humidity"
"198","10850510007139","Percent (%) Relative Humidity",70,"70","humidity"
"199","10850510007122","Percent (%) Relative Humidity",70,"70","humidity"
"200","10850510007115","Percent (%) Relative Humidity",70,"70","humidity"
"201","10850510007108","Percent (%) Relative Humidity",70,"70","humidity"
"202","10850510007092","Percent (%) Relative Humidity",70,"70","humidity"
"203","10850510007085","Percent (%) Relative Humidity",70,"70","humidity"
"204","10850510007078","Percent (%) Relative Humidity",70,"70","humidity"
"205","10850510007061","Percent (%) Relative Humidity",70,"70","humidity"
"206","10850510007054","Percent (%) Relative Humidity",70,"70","humidity"
"207","10850510007047","Percent (%) Relative Humidity",70,"70","humidity"
"208","10850510007030","Percent (%) Relative Humidity",70,"70","humidity"
"209","10850510007023","Percent (%) Relative Humidity",70,"70","humidity"
"210","10850510007016","Percent (%) Relative Humidity",70,"70","humidity"
"211","10850510007009","Percent (%) Relative Humidity",70,"70","humidity"
"212","10653405056409","Percent (%) Relative Humidity",70,"70","humidity"
"213","10653405033264","Percent (%) Relative Humidity",70,"70","humidity"
"214","10653405032458","Percent (%) Relative Humidity",70,"70","humidity"
"215","10653405007302","Percent (%) Relative Humidity",70,"70","humidity"
"216","10653405007197","Percent (%) Relative Humidity",70,"70","humidity"
"217","10653405007173","Percent (%) Relative Humidity",70,"70","humidity"
"218","10653405003885","Percent (%) Relative Humidity",70,"70","humidity"
"219","07640142810889","Percent (%) Relative Humidity",70,"70","humidity"
"220","07323190244683","Percent (%) Relative Humidity",70,"70","humidity"
"221","04251285200494","Percent (%) Relative Humidity",70,"70","humidity"
"222","04251285200487","Percent (%) Relative Humidity",70,"70","humidity"
"223","04056719002084","Percent (%) Relative Humidity",70,"70","humidity"
"224","04056719002077","Percent (%) Relative Humidity",70,"70","humidity"
"225","04056719002060","Percent (%) Relative Humidity",70,"70","humidity"
"226","04049471000221","Percent (%) Relative Humidity",70,"70","humidity"
"227","03663999000047","Percent (%) Relative Humidity",70,"70","humidity"
"228","03663999000023","Percent (%) Relative Humidity",70,"70","humidity"
"229","D801SP51121","Degrees Fahrenheit",75,"75","celcius/fahrenheit"
"230","D801SP51031","Degrees Fahrenheit",75,"75","celcius/fahrenheit"
"231","D801SP50502C1","Degrees Fahrenheit",75,"75","celcius/fahrenheit"
"232","D801SP50107BS1","Degrees Fahrenheit",75,"75","celcius/fahrenheit"
"233","84543527245704","Percent (%) Relative Humidity",75,"75","humidity"
"234","20885380152389","Percent (%) Relative Humidity",75,"75","humidity"
"235","20885380152372","Percent (%) Relative Humidity",75,"75","humidity"
"236","20885380152365","Percent (%) Relative Humidity",75,"75","humidity"
"237","20885380152358","Percent (%) Relative Humidity",75,"75","humidity"
"238","20885380152341","Percent (%) Relative Humidity",75,"75","humidity"
"239","20885380152334","Percent (%) Relative Humidity",75,"75","humidity"
"240","20885380152327","Percent (%) Relative Humidity",75,"75","humidity"
"241","10885380126017","Percent (%) Relative Humidity",75,"75","humidity"
"242","10885380126000","Percent (%) Relative Humidity",75,"75","humidity"
"243","10884524002613","Percent (%) Relative Humidity",75,"75","humidity"
"244","10722355003051","Percent (%) Relative Humidity",75,"75","humidity"
"245","10722355003013","Percent (%) Relative Humidity",75,"75","humidity"
"246","08594211570169","Percent (%) Relative Humidity",75,"75","humidity"
"247","08594211570152","Percent (%) Relative Humidity",75,"75","humidity"
"248","08594211570145","Percent (%) Relative Humidity",75,"75","humidity"
"249","04543527251976","Percent (%) Relative Humidity",75,"75","humidity"
"250","04543527251969","Percent (%) Relative Humidity",75,"75","humidity"
"251","04543527245722","Percent (%) Relative Humidity",75,"75","humidity"
"252","04543527245715","Percent (%) Relative Humidity",75,"75","humidity"
"253","04543527245708","Percent (%) Relative Humidity",75,"75","humidity"
"254","04543527243124","Percent (%) Relative Humidity",75,"75","humidity"
"255","04543527243117","Percent (%) Relative Humidity",75,"75","humidity"
"256","04543527242653","Percent (%) Relative Humidity",75,"75","humidity"
"257","04543527242646","Percent (%) Relative Humidity",75,"75","humidity"
"258","04543527242639","Percent (%) Relative Humidity",75,"75","humidity"
"259","04543527242622","Percent (%) Relative Humidity",75,"75","humidity"
"260","04543527242615","Percent (%) Relative Humidity",75,"75","humidity"
"261","04543527242608","Percent (%) Relative Humidity",75,"75","humidity"
"262","04543527242592","Percent (%) Relative Humidity",75,"75","humidity"
"263","04543527242585","Percent (%) Relative Humidity",75,"75","humidity"
"264","04543527242578","Percent (%) Relative Humidity",75,"75","humidity"
"265","04543527242561","Percent (%) Relative Humidity",75,"75","humidity"
"266","04543527242554","Percent (%) Relative Humidity",75,"75","humidity"
"267","04543527242547","Percent (%) Relative Humidity",75,"75","humidity"
"268","04543527242530","Percent (%) Relative Humidity",75,"75","humidity"
"269","04543527242523","Percent (%) Relative Humidity",75,"75","humidity"
"270","04543527241670","Percent (%) Relative Humidity",75,"75","humidity"
"271","04543527241663","Percent (%) Relative Humidity",75,"75","humidity"
"272","04543527241656","Percent (%) Relative Humidity",75,"75","humidity"
"273","04543527241649","Percent (%) Relative Humidity",75,"75","humidity"
"274","04543527241632","Percent (%) Relative Humidity",75,"75","humidity"
"275","04543527241625","Percent (%) Relative Humidity",75,"75","humidity"
"276","04543527241618","Percent (%) Relative Humidity",75,"75","humidity"
"277","04543527238885","Percent (%) Relative Humidity",75,"75","humidity"
"278","04543527237222","Percent (%) Relative Humidity",75,"75","humidity"
"279","04543527237215","Percent (%) Relative Humidity",75,"75","humidity"
"280","04543527235389","Percent (%) Relative Humidity",75,"75","humidity"
"281","04543527235372","Percent (%) Relative Humidity",75,"75","humidity"
"282","04543527235365","Percent (%) Relative Humidity",75,"75","humidity"
"283","04543527235358","Percent (%) Relative Humidity",75,"75","humidity"
"284","04543527235341","Percent (%) Relative Humidity",75,"75","humidity"
"285","04543527235334","Percent (%) Relative Humidity",75,"75","humidity"
"286","04543527235327","Percent (%) Relative Humidity",75,"75","humidity"
"287","04543527235310","Percent (%) Relative Humidity",75,"75","humidity"
"288","04543527235303","Percent (%) Relative Humidity",75,"75","humidity"
"289","04543527235297","Percent (%) Relative Humidity",75,"75","humidity"
"290","04543527235280","Percent (%) Relative Humidity",75,"75","humidity"
"291","04543527235273","Percent (%) Relative Humidity",75,"75","humidity"
"292","04543527235266","Percent (%) Relative Humidity",75,"75","humidity"
"293","04543527235259","Percent (%) Relative Humidity",75,"75","humidity"
"294","04046964859892","Percent (%) Relative Humidity",75,"75","humidity"
"295","04046964859885","Percent (%) Relative Humidity",75,"75","humidity"
"296","04046964859878","Percent (%) Relative Humidity",75,"75","humidity"
"297","04046964859861","Percent (%) Relative Humidity",75,"75","humidity"
"298","04046964859854","Percent (%) Relative Humidity",75,"75","humidity"
"299","04046964859847","Percent (%) Relative Humidity",75,"75","humidity"
"300","04046964859830","Percent (%) Relative Humidity",75,"75","humidity"
"301","04046964859823","Percent (%) Relative Humidity",75,"75","humidity"
"302","04046964859816","Percent (%) Relative Humidity",75,"75","humidity"
"303","04046964859809","Percent (%) Relative Humidity",75,"75","humidity"
"304","04046964859793","Percent (%) Relative Humidity",75,"75","humidity"
"305","04046964859786","Percent (%) Relative Humidity",75,"75","humidity"
"306","04046964859779","Percent (%) Relative Humidity",75,"75","humidity"
"307","04046964859762","Percent (%) Relative Humidity",75,"75","humidity"
"308","04046964859755","Percent (%) Relative Humidity",75,"75","humidity"
"309","04046964859748","Percent (%) Relative Humidity",75,"75","humidity"
"310","04046964859731","Percent (%) Relative Humidity",75,"75","humidity"
"311","04046964859724","Percent (%) Relative Humidity",75,"75","humidity"
"312","04046964859717","Percent (%) Relative Humidity",75,"75","humidity"
"313","04046964859700","Percent (%) Relative Humidity",75,"75","humidity"
"314","04046964859694","Percent (%) Relative Humidity",75,"75","humidity"
"315","04046964859687","Percent (%) Relative Humidity",75,"75","humidity"
"316","04046964859670","Percent (%) Relative Humidity",75,"75","humidity"
"317","04046964859663","Percent (%) Relative Humidity",75,"75","humidity"
"318","04046964859656","Percent (%) Relative Humidity",75,"75","humidity"
"319","04046964859649","Percent (%) Relative Humidity",75,"75","humidity"
"320","04046964859632","Percent (%) Relative Humidity",75,"75","humidity"
"321","04046964859625","Percent (%) Relative Humidity",75,"75","humidity"
"322","04046964859618","Percent (%) Relative Humidity",75,"75","humidity"
"323","04046964859601","Percent (%) Relative Humidity",75,"75","humidity"
"324","04046964859595","Percent (%) Relative Humidity",75,"75","humidity"
"325","04046964859588","Percent (%) Relative Humidity",75,"75","humidity"
"326","04046964859571","Percent (%) Relative Humidity",75,"75","humidity"
"327","04046964859564","Percent (%) Relative Humidity",75,"75","humidity"
"328","04046964859557","Percent (%) Relative Humidity",75,"75","humidity"
"329","04046964859540","Percent (%) Relative Humidity",75,"75","humidity"
"330","04046964859533","Percent (%) Relative Humidity",75,"75","humidity"
"331","04046964859526","Percent (%) Relative Humidity",75,"75","humidity"
"332","04046964859519","Percent (%) Relative Humidity",75,"75","humidity"
"333","04046964859502","Percent (%) Relative Humidity",75,"75","humidity"
"334","04046964843037","Percent (%) Relative Humidity",75,"75","humidity"
"335","04046964842931","Percent (%) Relative Humidity",75,"75","humidity"
"336","04046964841866","Percent (%) Relative Humidity",75,"75","humidity"
"337","M070PR04071","Degrees Fahrenheit",77,"60","celcius/fahrenheit"
"338","00852547004054","Percent (%) Relative Humidity",80,"80","humidity"
"339","00852381011904","Percent (%) Relative Humidity",80,"80","humidity"
"340","00852381011898","Percent (%) Relative Humidity",80,"80","humidity"
"341","00852381004418","Percent (%) Relative Humidity",80,"80","humidity"
"342","00852381004401","Percent (%) Relative Humidity",80,"80","humidity"
"343","00852381004395","Percent (%) Relative Humidity",80,"80","humidity"
"344","00852381004388","Percent (%) Relative Humidity",80,"80","humidity"
"345","00852381004357","Percent (%) Relative Humidity",80,"80","humidity"
"346","00852381004340","Percent (%) Relative Humidity",80,"80","humidity"
"347","00852381004319","Percent (%) Relative Humidity",80,"80","humidity"
"348","00852381004302","Percent (%) Relative Humidity",80,"80","humidity"
"349","00852381004272","Percent (%) Relative Humidity",80,"80","humidity"
"350","00852381004265","Percent (%) Relative Humidity",80,"80","humidity"
"351","00852381004258","Percent (%) Relative Humidity",80,"80","humidity"
"352","00852381004241","Percent (%) Relative Humidity",80,"80","humidity"
"353","00852381004234","Percent (%) Relative Humidity",80,"80","humidity"
"354","00852381004227","Percent (%) Relative Humidity",80,"80","humidity"
"355","00852381004210","Percent (%) Relative Humidity",80,"80","humidity"
"356","00852381004203","Percent (%) Relative Humidity",80,"80","humidity"
"357","00850355006178","Percent (%) Relative Humidity",80,"80","humidity"
"358","00849771039310","Percent (%) Relative Humidity",80,"80","humidity"
"359","00849771039297","Percent (%) Relative Humidity",80,"80","humidity"
"360","00849771039273","Percent (%) Relative Humidity",80,"80","humidity"
"361","00849771039204","Percent (%) Relative Humidity",80,"80","humidity"
"362","00849771039129","Percent (%) Relative Humidity",80,"80","humidity"
"363","00819667020852","Percent (%) Relative Humidity",80,"80","humidity"
"364","00819667020654","Percent (%) Relative Humidity",80,"80","humidity"
"365","00819667020647","Percent (%) Relative Humidity",80,"80","humidity"
"366","00819667020630","Percent (%) Relative Humidity",80,"80","humidity"
"367","00819667020623","Percent (%) Relative Humidity",80,"80","humidity"
"368","00819667020616","Percent (%) Relative Humidity",80,"80","humidity"
"369","00819667020609","Percent (%) Relative Humidity",80,"80","humidity"
"370","00819667020593","Percent (%) Relative Humidity",80,"80","humidity"
"371","00819667020579","Percent (%) Relative Humidity",80,"80","humidity"
"372","00819667020562","Percent (%) Relative Humidity",80,"80","humidity"
"373","00819667020555","Percent (%) Relative Humidity",80,"80","humidity"
"374","00819667020548","Percent (%) Relative Humidity",80,"80","humidity"
"375","00819667020531","Percent (%) Relative Humidity",80,"80","humidity"
"376","00819667020524","Percent (%) Relative Humidity",80,"80","humidity"
"377","00819667020517","Percent (%) Relative Humidity",80,"80","humidity"
"378","00819667020500","Percent (%) Relative Humidity",80,"80","humidity"
"379","00819667020494","Percent (%) Relative Humidity",80,"80","humidity"
"380","00819667020487","Percent (%) Relative Humidity",80,"80","humidity"
"381","00819667020470","Percent (%) Relative Humidity",80,"80","humidity"
"382","00819667020456","Percent (%) Relative Humidity",80,"80","humidity"
"383","00819667020050","Percent (%) Relative Humidity",80,"80","humidity"
"384","00819667020043","Percent (%) Relative Humidity",80,"80","humidity"
"385","00819667020036","Percent (%) Relative Humidity",80,"80","humidity"
"386","00819667020029","Percent (%) Relative Humidity",80,"80","humidity"
"387","00819667020012","Percent (%) Relative Humidity",80,"80","humidity"
"388","00819667020005","Percent (%) Relative Humidity",80,"80","humidity"
"389","00817655023182","Percent (%) Relative Humidity",80,"80","humidity"
"390","00817655022543","Percent (%) Relative Humidity",80,"80","humidity"
"391","00817655022536","Percent (%) Relative Humidity",80,"80","humidity"
"392","00817655022215","Percent (%) Relative Humidity",80,"80","humidity"
"393","00817655022154","Percent (%) Relative Humidity",80,"80","humidity"
"394","00817655022024","Percent (%) Relative Humidity",80,"80","humidity"
"395","00817655021997","Percent (%) Relative Humidity",80,"80","humidity"
"396","00817655021980","Percent (%) Relative Humidity",80,"80","humidity"
"397","00817655021935","Percent (%) Relative Humidity",80,"80","humidity"
"398","00817655021881","Percent (%) Relative Humidity",80,"80","humidity"
"399","00817655021836","Percent (%) Relative Humidity",80,"80","humidity"
"400","00817655021355","Percent (%) Relative Humidity",80,"80","humidity"
"401","00817655021331","Percent (%) Relative Humidity",80,"80","humidity"
"402","00817655021287","Percent (%) Relative Humidity",80,"80","humidity"
"403","00817655021119","Percent (%) Relative Humidity",80,"80","humidity"
"404","00817655020754","Percent (%) Relative Humidity",80,"80","humidity"
"405","00817655020730","Percent (%) Relative Humidity",80,"80","humidity"
"406","00817655020723","Percent (%) Relative Humidity",80,"80","humidity"
"407","00817655020082","Percent (%) Relative Humidity",80,"80","humidity"
"408","00817655020075","Percent (%) Relative Humidity",80,"80","humidity"
"409","00812345029796","Percent (%) Relative Humidity",80,"80","humidity"
"410","00812345027723","Percent (%) Relative Humidity",80,"80","humidity"
"411","00812345027716","Percent (%) Relative Humidity",80,"80","humidity"
"412","00812345027709","Percent (%) Relative Humidity",80,"80","humidity"
"413","00812345027693","Percent (%) Relative Humidity",80,"80","humidity"
"414","00812345027686","Percent (%) Relative Humidity",80,"80","humidity"
"415","00812345027679","Percent (%) Relative Humidity",80,"80","humidity"
"416","00812345027662","Percent (%) Relative Humidity",80,"80","humidity"
"417","00812345027655","Percent (%) Relative Humidity",80,"80","humidity"
"418","00812345027648","Percent (%) Relative Humidity",80,"80","humidity"
"419","00812345027631","Percent (%) Relative Humidity",80,"80","humidity"
"420","00812345027624","Percent (%) Relative Humidity",80,"80","humidity"
"421","00812345027617","Percent (%) Relative Humidity",80,"80","humidity"
"422","00812345027600","Percent (%) Relative Humidity",80,"80","humidity"
"423","00812345027594","Percent (%) Relative Humidity",80,"80","humidity"
"424","00812345027587","Percent (%) Relative Humidity",80,"80","humidity"
"425","00812345027570","Percent (%) Relative Humidity",80,"80","humidity"
"426","00812345027563","Percent (%) Relative Humidity",80,"80","humidity"
"427","00812345027556","Percent (%) Relative Humidity",80,"80","humidity"
"428","00812345027549","Percent (%) Relative Humidity",80,"80","humidity"
"429","00812345027532","Percent (%) Relative Humidity",80,"80","humidity"
"430","00812345027525","Percent (%) Relative Humidity",80,"80","humidity"
"431","00812345027518","Percent (%) Relative Humidity",80,"80","humidity"
"432","00812345027501","Percent (%) Relative Humidity",80,"80","humidity"
"433","00812345027495","Percent (%) Relative Humidity",80,"80","humidity"
"434","00812345027488","Percent (%) Relative Humidity",80,"80","humidity"
"435","00812345027471","Percent (%) Relative Humidity",80,"80","humidity"
"436","00812345024777","Percent (%) Relative Humidity",80,"80","humidity"
"437","00812345023046","Percent (%) Relative Humidity",80,"80","humidity"
"438","00812345023022","Percent (%) Relative Humidity",80,"80","humidity"
"439","00812345022858","Percent (%) Relative Humidity",80,"80","humidity"
"440","00812345022834","Percent (%) Relative Humidity",80,"80","humidity"
"441","00812345022827","Percent (%) Relative Humidity",80,"80","humidity"
"442","00190746031618","Percent (%) Relative Humidity",80,"80","humidity"
"443","00190746031601","Percent (%) Relative Humidity",80,"80","humidity"
"444","B850033600040","Percent (%) Relative Humidity",80,"80","humidity"
"445","20686864046060","Percent (%) Relative Humidity",80,"80","humidity"
"446","10885380067884","Percent (%) Relative Humidity",80,"80","humidity"
"447","10885380067860","Percent (%) Relative Humidity",80,"80","humidity"
"448","10885380067846","Percent (%) Relative Humidity",80,"80","humidity"
"449","10885380067839","Percent (%) Relative Humidity",80,"80","humidity"
"450","10819667020118","Percent (%) Relative Humidity",80,"80","humidity"
"451","10819667020101","Percent (%) Relative Humidity",80,"80","humidity"
"452","10819667020095","Percent (%) Relative Humidity",80,"80","humidity"
"453","10819667020088","Percent (%) Relative Humidity",80,"80","humidity"
"454","10819667020071","Percent (%) Relative Humidity",80,"80","humidity"
"455","10686864055119","Percent (%) Relative Humidity",80,"80","humidity"
"456","10686864053825","Percent (%) Relative Humidity",80,"80","humidity"
"457","10686864049712","Percent (%) Relative Humidity",80,"80","humidity"
"458","10686864049699","Percent (%) Relative Humidity",80,"80","humidity"
"459","10686864049675","Percent (%) Relative Humidity",80,"80","humidity"
"460","10686864049170","Percent (%) Relative Humidity",80,"80","humidity"
"461","10686864049125","Percent (%) Relative Humidity",80,"80","humidity"
"462","10686864049118","Percent (%) Relative Humidity",80,"80","humidity"
"463","10686864049101","Percent (%) Relative Humidity",80,"80","humidity"
"464","10686864049088","Percent (%) Relative Humidity",80,"80","humidity"
"465","10686864049071","Percent (%) Relative Humidity",80,"80","humidity"
"466","10686864049064","Percent (%) Relative Humidity",80,"80","humidity"
"467","10686864049057","Percent (%) Relative Humidity",80,"80","humidity"
"468","10686864049040","Percent (%) Relative Humidity",80,"80","humidity"
"469","10686864048869","Percent (%) Relative Humidity",80,"80","humidity"
"470","10686864048791","Percent (%) Relative Humidity",80,"80","humidity"
"471","10686864048784","Percent (%) Relative Humidity",80,"80","humidity"
"472","10686864048654","Percent (%) Relative Humidity",80,"80","humidity"
"473","10686864048647","Percent (%) Relative Humidity",80,"80","humidity"
"474","10686864048456","Percent (%) Relative Humidity",80,"80","humidity"
"475","10686864048425","Percent (%) Relative Humidity",80,"80","humidity"
"476","10686864048418","Percent (%) Relative Humidity",80,"80","humidity"
"477","10686864048401","Percent (%) Relative Humidity",80,"80","humidity"
"478","10686864048388","Percent (%) Relative Humidity",80,"80","humidity"
"479","10686864048364","Percent (%) Relative Humidity",80,"80","humidity"
"480","10686864048340","Percent (%) Relative Humidity",80,"80","humidity"
"481","10686864046070","Percent (%) Relative Humidity",80,"80","humidity"
"482","10686864046032","Percent (%) Relative Humidity",80,"80","humidity"
"483","10686864046001","Percent (%) Relative Humidity",80,"80","humidity"
"484","10686864045998","Percent (%) Relative Humidity",80,"80","humidity"
"485","08809308380546","Percent (%) Relative Humidity",80,"80","humidity"
"486","08809308380539","Percent (%) Relative Humidity",80,"80","humidity"
"487","08809308380522","Percent (%) Relative Humidity",80,"80","humidity"
"488","08800042700805","Percent (%) Relative Humidity",80,"80","humidity"
"489","08800042700775","Percent (%) Relative Humidity",80,"80","humidity"
"490","08800042700744","Percent (%) Relative Humidity",80,"80","humidity"
"491","08800042700737","Percent (%) Relative Humidity",80,"80","humidity"
"492","08800042700553","Percent (%) Relative Humidity",80,"80","humidity"
"493","08800042700546","Percent (%) Relative Humidity",80,"80","humidity"
"494","07300009046461","Percent (%) Relative Humidity",80,"80","humidity"
"495","06959664911266","Percent (%) Relative Humidity",80,"80","humidity"
"496","06959664911259","Percent (%) Relative Humidity",80,"80","humidity"
"497","06959664911242","Percent (%) Relative Humidity",80,"80","humidity"
"498","06959664911228","Percent (%) Relative Humidity",80,"80","humidity"
"499","06959664911211","Percent (%) Relative Humidity",80,"80","humidity"
"500","06959664911181","Percent (%) Relative Humidity",80,"80","humidity"
"501","06959664911020","Percent (%) Relative Humidity",80,"80","humidity"
"502","06959664910948","Percent (%) Relative Humidity",80,"80","humidity"
"503","06959664910924","Percent (%) Relative Humidity",80,"80","humidity"
"504","06959664910900","Percent (%) Relative Humidity",80,"80","humidity"
"505","06959664910870","Percent (%) Relative Humidity",80,"80","humidity"
"506","06959664910795","Percent (%) Relative Humidity",80,"80","humidity"
"507","06959664909560","Percent (%) Relative Humidity",80,"80","humidity"
"508","06959664909010","Percent (%) Relative Humidity",80,"80","humidity"
"509","06959664903339","Percent (%) Relative Humidity",80,"80","humidity"
"510","06959664903308","Percent (%) Relative Humidity",80,"80","humidity"
"511","06959664900444","Percent (%) Relative Humidity",80,"80","humidity"
"512","06959664900420","Percent (%) Relative Humidity",80,"80","humidity"
"513","06959664900390","Percent (%) Relative Humidity",80,"80","humidity"
"514","06938695581204","Percent (%) Relative Humidity",80,"80","humidity"
"515","06938695581150","Percent (%) Relative Humidity",80,"80","humidity"
"516","06938695581105","Percent (%) Relative Humidity",80,"80","humidity"
"517","06938695581082","Percent (%) Relative Humidity",80,"80","humidity"
"518","06938695581051","Percent (%) Relative Humidity",80,"80","humidity"
"519","06938695546654","Percent (%) Relative Humidity",80,"80","humidity"
"520","06938695546647","Percent (%) Relative Humidity",80,"80","humidity"
"521","06938695546630","Percent (%) Relative Humidity",80,"80","humidity"
"522","06938695546623","Percent (%) Relative Humidity",80,"80","humidity"
"523","06938695546616","Percent (%) Relative Humidity",80,"80","humidity"
"524","06938695546609","Percent (%) Relative Humidity",80,"80","humidity"
"525","06938695546593","Percent (%) Relative Humidity",80,"80","humidity"
"526","06938695546586","Percent (%) Relative Humidity",80,"80","humidity"
"527","06938695546579","Percent (%) Relative Humidity",80,"80","humidity"
"528","06938695546562","Percent (%) Relative Humidity",80,"80","humidity"
"529","06938695546555","Percent (%) Relative Humidity",80,"80","humidity"
"530","06938695546548","Percent (%) Relative Humidity",80,"80","humidity"
"531","06938695546531","Percent (%) Relative Humidity",80,"80","humidity"
"532","06938695546524","Percent (%) Relative Humidity",80,"80","humidity"
"533","06938695546517","Percent (%) Relative Humidity",80,"80","humidity"
"534","06938695546500","Percent (%) Relative Humidity",80,"80","humidity"
"535","06938695546494","Percent (%) Relative Humidity",80,"80","humidity"
"536","06938695546487","Percent (%) Relative Humidity",80,"80","humidity"
"537","06938695546470","Percent (%) Relative Humidity",80,"80","humidity"
"538","06938695546463","Percent (%) Relative Humidity",80,"80","humidity"
"539","06938695546456","Percent (%) Relative Humidity",80,"80","humidity"
"540","06938695546449","Percent (%) Relative Humidity",80,"80","humidity"
"541","06938695546432","Percent (%) Relative Humidity",80,"80","humidity"
"542","06938695546425","Percent (%) Relative Humidity",80,"80","humidity"
"543","06938695546418","Percent (%) Relative Humidity",80,"80","humidity"
"544","06938695546401","Percent (%) Relative Humidity",80,"80","humidity"
"545","06938695546395","Percent (%) Relative Humidity",80,"80","humidity"
"546","06938695546388","Percent (%) Relative Humidity",80,"80","humidity"
"547","06938695546371","Percent (%) Relative Humidity",80,"80","humidity"
"548","06938695546364","Percent (%) Relative Humidity",80,"80","humidity"
"549","06938695546357","Percent (%) Relative Humidity",80,"80","humidity"
"550","06938695546340","Percent (%) Relative Humidity",80,"80","humidity"
"551","06938695546333","Percent (%) Relative Humidity",80,"80","humidity"
"552","06938695546326","Percent (%) Relative Humidity",80,"80","humidity"
"553","06938695546319","Percent (%) Relative Humidity",80,"80","humidity"
"554","06938695546302","Percent (%) Relative Humidity",80,"80","humidity"
"555","06938695546296","Percent (%) Relative Humidity",80,"80","humidity"
"556","06938695546289","Percent (%) Relative Humidity",80,"80","humidity"
"557","06938695546272","Percent (%) Relative Humidity",80,"80","humidity"
"558","06938695546265","Percent (%) Relative Humidity",80,"80","humidity"
"559","06938695546258","Percent (%) Relative Humidity",80,"80","humidity"
"560","06938695546241","Percent (%) Relative Humidity",80,"80","humidity"
"561","06938695546234","Percent (%) Relative Humidity",80,"80","humidity"
"562","06938695546227","Percent (%) Relative Humidity",80,"80","humidity"
"563","06938695546210","Percent (%) Relative Humidity",80,"80","humidity"
"564","06938695546203","Percent (%) Relative Humidity",80,"80","humidity"
"565","06938695546197","Percent (%) Relative Humidity",80,"80","humidity"
"566","06938695546180","Percent (%) Relative Humidity",80,"80","humidity"
"567","06938695546173","Percent (%) Relative Humidity",80,"80","humidity"
"568","06938695546166","Percent (%) Relative Humidity",80,"80","humidity"
"569","06938695546159","Percent (%) Relative Humidity",80,"80","humidity"
"570","06938695546142","Percent (%) Relative Humidity",80,"80","humidity"
"571","06938695546135","Percent (%) Relative Humidity",80,"80","humidity"
"572","06938695546128","Percent (%) Relative Humidity",80,"80","humidity"
"573","06938695546111","Percent (%) Relative Humidity",80,"80","humidity"
"574","06938695546104","Percent (%) Relative Humidity",80,"80","humidity"
"575","06938695546098","Percent (%) Relative Humidity",80,"80","humidity"
"576","06938695546081","Percent (%) Relative Humidity",80,"80","humidity"
"577","06938695546074","Percent (%) Relative Humidity",80,"80","humidity"
"578","06938695546067","Percent (%) Relative Humidity",80,"80","humidity"
"579","06938695540317","Percent (%) Relative Humidity",80,"80","humidity"
"580","06938695540300","Percent (%) Relative Humidity",80,"80","humidity"
"581","06938695540058","Percent (%) Relative Humidity",80,"80","humidity"
"582","06938695537867","Percent (%) Relative Humidity",80,"80","humidity"
"583","06938695537850","Percent (%) Relative Humidity",80,"80","humidity"
"584","06938695537843","Percent (%) Relative Humidity",80,"80","humidity"
"585","06938695537836","Percent (%) Relative Humidity",80,"80","humidity"
"586","06938695537829","Percent (%) Relative Humidity",80,"80","humidity"
"587","06938695537812","Percent (%) Relative Humidity",80,"80","humidity"
"588","06938695537805","Percent (%) Relative Humidity",80,"80","humidity"
"589","06938695537799","Percent (%) Relative Humidity",80,"80","humidity"
"590","06938695537782","Percent (%) Relative Humidity",80,"80","humidity"
"591","06938695537775","Percent (%) Relative Humidity",80,"80","humidity"
"592","06938695537768","Percent (%) Relative Humidity",80,"80","humidity"
"593","06938695537751","Percent (%) Relative Humidity",80,"80","humidity"
"594","06938695537737","Percent (%) Relative Humidity",80,"80","humidity"
"595","06938695537720","Percent (%) Relative Humidity",80,"80","humidity"
"596","06938695537713","Percent (%) Relative Humidity",80,"80","humidity"
"597","06938695537706","Percent (%) Relative Humidity",80,"80","humidity"
"598","06938695537690","Percent (%) Relative Humidity",80,"80","humidity"
"599","06938695537683","Percent (%) Relative Humidity",80,"80","humidity"
"600","06938695537676","Percent (%) Relative Humidity",80,"80","humidity"
"601","06938695537669","Percent (%) Relative Humidity",80,"80","humidity"
"602","06938695537652","Percent (%) Relative Humidity",80,"80","humidity"
"603","06938695537645","Percent (%) Relative Humidity",80,"80","humidity"
"604","06938695530080","Percent (%) Relative Humidity",80,"80","humidity"
"605","06938695530066","Percent (%) Relative Humidity",80,"80","humidity"
"606","06938695530028","Percent (%) Relative Humidity",80,"80","humidity"
"607","06938695530011","Percent (%) Relative Humidity",80,"80","humidity"
"608","06938695525017","Percent (%) Relative Humidity",80,"80","humidity"
"609","06938695525000","Percent (%) Relative Humidity",80,"80","humidity"
"610","06938695524003","Percent (%) Relative Humidity",80,"80","humidity"
"611","06938695522009","Percent (%) Relative Humidity",80,"80","humidity"
"612","06938695520029","Percent (%) Relative Humidity",80,"80","humidity"
"613","06938695510860","Percent (%) Relative Humidity",80,"80","humidity"
"614","06938695510853","Percent (%) Relative Humidity",80,"80","humidity"
"615","06938695510846","Percent (%) Relative Humidity",80,"80","humidity"
"616","06938695510839","Percent (%) Relative Humidity",80,"80","humidity"
"617","06938695510822","Percent (%) Relative Humidity",80,"80","humidity"
"618","06938695510815","Percent (%) Relative Humidity",80,"80","humidity"
"619","06938695510808","Percent (%) Relative Humidity",80,"80","humidity"
"620","06938695510204","Percent (%) Relative Humidity",80,"80","humidity"
"621","06938695510150","Percent (%) Relative Humidity",80,"80","humidity"
"622","06938695510105","Percent (%) Relative Humidity",80,"80","humidity"
"623","06938695508850","Percent (%) Relative Humidity",80,"80","humidity"
"624","06938695506917","Percent (%) Relative Humidity",80,"80","humidity"
"625","06938695502148","Percent (%) Relative Humidity",80,"80","humidity"
"626","06938695502131","Percent (%) Relative Humidity",80,"80","humidity"
"627","06938695502124","Percent (%) Relative Humidity",80,"80","humidity"
"628","06938695502117","Percent (%) Relative Humidity",80,"80","humidity"
"629","06938695501523","Percent (%) Relative Humidity",80,"80","humidity"
"630","06938695501516","Percent (%) Relative Humidity",80,"80","humidity"
"631","06938695501509","Percent (%) Relative Humidity",80,"80","humidity"
"632","06938695501493","Percent (%) Relative Humidity",80,"80","humidity"
"633","06938695501486","Percent (%) Relative Humidity",80,"80","humidity"
"634","06938695501295","Percent (%) Relative Humidity",80,"80","humidity"
"635","06938695501172","Percent (%) Relative Humidity",80,"80","humidity"
"636","06938695501073","Percent (%) Relative Humidity",80,"80","humidity"
"637","06938695501059","Percent (%) Relative Humidity",80,"80","humidity"
"638","06938695500144","Percent (%) Relative Humidity",80,"80","humidity"
"639","06938695500137","Percent (%) Relative Humidity",80,"80","humidity"
"640","05060169691223","Percent (%) Relative Humidity",80,"80","humidity"
"641","05050474651487","Percent (%) Relative Humidity",80,"80","humidity"
"642","05050474611764","Percent (%) Relative Humidity",80,"80","humidity"
"643","05050474609778","Percent (%) Relative Humidity",80,"80","humidity"
"644","05050474609761","Percent (%) Relative Humidity",80,"80","humidity"
"645","04251285200517","Percent (%) Relative Humidity",80,"80","humidity"
"646","04251285200500","Percent (%) Relative Humidity",80,"80","humidity"
"647","03661540304729","Percent (%) Relative Humidity",80,"80","humidity"
"648","03661540304712","Percent (%) Relative Humidity",80,"80","humidity"
"649","03661540304705","Percent (%) Relative Humidity",80,"80","humidity"
"650","03661540304620","Percent (%) Relative Humidity",80,"80","humidity"
"651","00888499002084","Percent (%) Relative Humidity",80,"80","humidity"
"652","00888499001964","Percent (%) Relative Humidity",80,"80","humidity"
"653","00888499001957","Percent (%) Relative Humidity",80,"80","humidity"
"654","00859519002056","Percent (%) Relative Humidity",85,"85","humidity"
"655","00859519002018","Percent (%) Relative Humidity",85,"85","humidity"
"656","00855005006287","Percent (%) Relative Humidity",85,"85","humidity"
"657","00855005006270","Percent (%) Relative Humidity",85,"85","humidity"
"658","00855005006263","Percent (%) Relative Humidity",85,"85","humidity"
"659","00855005006256","Percent (%) Relative Humidity",85,"85","humidity"
"660","00855005006249","Percent (%) Relative Humidity",85,"85","humidity"
"661","00855005006232","Percent (%) Relative Humidity",85,"85","humidity"
"662","00853879007829","Percent (%) Relative Humidity",85,"85","humidity"
"663","00853879007461","Percent (%) Relative Humidity",85,"85","humidity"
"664","00853879007072","Percent (%) Relative Humidity",85,"85","humidity"
"665","00852547004603","Percent (%) Relative Humidity",85,"85","humidity"
"666","00852547004450","Percent (%) Relative Humidity",85,"85","humidity"
"667","00852547004276","Percent (%) Relative Humidity",85,"85","humidity"
"668","00852547004122","Percent (%) Relative Humidity",85,"85","humidity"
"669","00850003500645","Percent (%) Relative Humidity",85,"85","humidity"
"670","00804084000143","Percent (%) Relative Humidity",85,"85","humidity"
"671","00763000402433","Percent (%) Relative Humidity",85,"85","humidity"
"672","00763000011147","Percent (%) Relative Humidity",85,"85","humidity"
"673","00643169983892","Percent (%) Relative Humidity",85,"85","humidity"
"674","00643169968547","Percent (%) Relative Humidity",85,"85","humidity"
"675","00643169950153","Percent (%) Relative Humidity",85,"85","humidity"
"676","00643169950146","Percent (%) Relative Humidity",85,"85","humidity"
"677","00643169946644","Percent (%) Relative Humidity",85,"85","humidity"
"678","00643169688858","Percent (%) Relative Humidity",85,"85","humidity"
"679","00643169672482","Percent (%) Relative Humidity",85,"85","humidity"
"680","00643169672475","Percent (%) Relative Humidity",85,"85","humidity"
"681","00643169672468","Percent (%) Relative Humidity",85,"85","humidity"
"682","00643169591004","Percent (%) Relative Humidity",85,"85","humidity"
"683","00643169590984","Percent (%) Relative Humidity",85,"85","humidity"
"684","00643169590960","Percent (%) Relative Humidity",85,"85","humidity"
"685","00643169489097","Percent (%) Relative Humidity",85,"85","humidity"
"686","00643169489080","Percent (%) Relative Humidity",85,"85","humidity"
"687","00643169467385","Percent (%) Relative Humidity",85,"85","humidity"
"688","00643169467378","Percent (%) Relative Humidity",85,"85","humidity"
"689","00643169372764","Percent (%) Relative Humidity",85,"85","humidity"
"690","00643169372757","Percent (%) Relative Humidity",85,"85","humidity"
"691","00643169372740","Percent (%) Relative Humidity",85,"85","humidity"
"692","00613994763907","Percent (%) Relative Humidity",85,"85","humidity"
"693","00605388878113","Percent (%) Relative Humidity",85,"85","humidity"
"694","M3682421","Percent (%) Relative Humidity",85,"85","humidity"
"695","M368240X1","Percent (%) Relative Humidity",85,"85","humidity"
"696","M368240C1","Percent (%) Relative Humidity",85,"85","humidity"
"697","M3682401","Percent (%) Relative Humidity",85,"85","humidity"
"698","M3682051","Percent (%) Relative Humidity",85,"85","humidity"
"699","M3682031","Percent (%) Relative Humidity",85,"85","humidity"
"700","M368202X1","Percent (%) Relative Humidity",85,"85","humidity"
"701","M368202T1","Percent (%) Relative Humidity",85,"85","humidity"
"702","M368202SX1","Percent (%) Relative Humidity",85,"85","humidity"
"703","M368202S1","Percent (%) Relative Humidity",85,"85","humidity"
"704","M368202N1","Percent (%) Relative Humidity",85,"85","humidity"
"705","M368202I1","Percent (%) Relative Humidity",85,"85","humidity"
"706","M368202GY1","Percent (%) Relative Humidity",85,"85","humidity"
"707","M368202C1","Percent (%) Relative Humidity",85,"85","humidity"
"708","M368202BK1","Percent (%) Relative Humidity",85,"85","humidity"
"709","M3682021","Percent (%) Relative Humidity",85,"85","humidity"
"710","M368200X1","Percent (%) Relative Humidity",85,"85","humidity"
"711","M368200GY1","Percent (%) Relative Humidity",85,"85","humidity"
"712","M368200C1","Percent (%) Relative Humidity",85,"85","humidity"
"713","M368200BKX1","Percent (%) Relative Humidity",85,"85","humidity"
"714","M368200BKT1","Percent (%) Relative Humidity",85,"85","humidity"
"715","M368200BKI1","Percent (%) Relative Humidity",85,"85","humidity"
"716","M368200BKC1","Percent (%) Relative Humidity",85,"85","humidity"
"717","M368200BK1","Percent (%) Relative Humidity",85,"85","humidity"
"718","M3682001","Percent (%) Relative Humidity",85,"85","humidity"
"719","M368180X1","Percent (%) Relative Humidity",85,"85","humidity"
"720","M368180T1","Percent (%) Relative Humidity",85,"85","humidity"
"721","M368180I1","Percent (%) Relative Humidity",85,"85","humidity"
"722","M368180C1","Percent (%) Relative Humidity",85,"85","humidity"
"723","M368175GY1","Percent (%) Relative Humidity",85,"85","humidity"
"724","M3681751","Percent (%) Relative Humidity",85,"85","humidity"
"725","M368165NBL1","Percent (%) Relative Humidity",85,"85","humidity"
"726","M36811431","Percent (%) Relative Humidity",85,"85","humidity"
"727","M36811331","Percent (%) Relative Humidity",85,"85","humidity"
"728","M36811031","Percent (%) Relative Humidity",85,"85","humidity"
"729","M3681000211","Percent (%) Relative Humidity",85,"85","humidity"
"730","M368100019LA1","Percent (%) Relative Humidity",85,"85","humidity"
"731","M368100019CHI1","Percent (%) Relative Humidity",85,"85","humidity"
"732","M3681000191","Percent (%) Relative Humidity",85,"85","humidity"
"733","M368100001TH1","Percent (%) Relative Humidity",85,"85","humidity"
"734","M368100001NCHI1","Percent (%) Relative Humidity",85,"85","humidity"
"735","M368100001LA1","Percent (%) Relative Humidity",85,"85","humidity"
"736","M368100001INF1","Percent (%) Relative Humidity",85,"85","humidity"
"737","M368100001CHI1","Percent (%) Relative Humidity",85,"85","humidity"
"738","06946332800045","Percent (%) Relative Humidity",85,"85","humidity"
"739","04987671040374","Percent (%) Relative Humidity",85,"85","humidity"
"740","04260441455425","Percent (%) Relative Humidity",85,"85","humidity"
"741","04260441455418","Percent (%) Relative Humidity",85,"85","humidity"
"742","04260441455326","Percent (%) Relative Humidity",85,"85","humidity"
"743","04054657500372","Percent (%) Relative Humidity",85,"85","humidity"
"744","00888277359867","Percent (%) Relative Humidity",85,"85","humidity"
"745","00862712000309","Percent (%) Relative Humidity",90,"90","humidity"
"746","00859695006060","Percent (%) Relative Humidity",90,"90","humidity"
"747","00859695006053","Percent (%) Relative Humidity",90,"90","humidity"
"748","00859695006046","Percent (%) Relative Humidity",90,"90","humidity"
"749","00859695006039","Percent (%) Relative Humidity",90,"90","humidity"
"750","00859695006022","Percent (%) Relative Humidity",90,"90","humidity"
"751","00859695006015","Percent (%) Relative Humidity",90,"90","humidity"
"752","00859695006008","Percent (%) Relative Humidity",90,"90","humidity"
"753","00853879007928","Percent (%) Relative Humidity",90,"90","humidity"
"754","00853879007027","Percent (%) Relative Humidity",90,"90","humidity"
"755","00853553005752","Percent (%) Relative Humidity",90,"90","humidity"
"756","00850017421097","Percent (%) Relative Humidity",90,"90","humidity"
"757","00850017421073","Percent (%) Relative Humidity",90,"90","humidity"
"758","00850017421042","Percent (%) Relative Humidity",90,"90","humidity"
"759","00850017421035","Percent (%) Relative Humidity",90,"90","humidity"
"760","00850003500676","Percent (%) Relative Humidity",90,"90","humidity"
"761","00850003500485","Percent (%) Relative Humidity",90,"90","humidity"
"762","00840682146890","Percent (%) Relative Humidity",90,"90","humidity"
"763","00840682143271","Percent (%) Relative Humidity",90,"90","humidity"
"764","00840682117920","Percent (%) Relative Humidity",90,"90","humidity"
"765","00840682117913","Percent (%) Relative Humidity",90,"90","humidity"
"766","00840682108553","Percent (%) Relative Humidity",90,"90","humidity"
"767","00840682108508","Percent (%) Relative Humidity",90,"90","humidity"
"768","00840682108485","Percent (%) Relative Humidity",90,"90","humidity"
"769","00840682108430","Percent (%) Relative Humidity",90,"90","humidity"
"770","00840682108362","Percent (%) Relative Humidity",90,"90","humidity"
"771","00840682108324","Percent (%) Relative Humidity",90,"90","humidity"
"772","00840682107860","Percent (%) Relative Humidity",90,"90","humidity"
"773","00840682107846","Percent (%) Relative Humidity",90,"90","humidity"
"774","00840682107822","Percent (%) Relative Humidity",90,"90","humidity"
"775","00840682107754","Percent (%) Relative Humidity",90,"90","humidity"
"776","00840682107723","Percent (%) Relative Humidity",90,"90","humidity"
"777","00840682107716","Percent (%) Relative Humidity",90,"90","humidity"
"778","00840682107709","Percent (%) Relative Humidity",90,"90","humidity"
"779","00840682107662","Percent (%) Relative Humidity",90,"90","humidity"
"780","00840682107655","Percent (%) Relative Humidity",90,"90","humidity"
"781","00840682107617","Percent (%) Relative Humidity",90,"90","humidity"
"782","00840682107600","Percent (%) Relative Humidity",90,"90","humidity"
"783","00840682105040","Percent (%) Relative Humidity",90,"90","humidity"
"784","00840682104968","Percent (%) Relative Humidity",90,"90","humidity"
"785","00840682104920","Percent (%) Relative Humidity",90,"90","humidity"
"786","00840682104913","Percent (%) Relative Humidity",90,"90","humidity"
"787","00840682104906","Percent (%) Relative Humidity",90,"90","humidity"
"788","00840682104890","Percent (%) Relative Humidity",90,"90","humidity"
"789","00840682104883","Percent (%) Relative Humidity",90,"90","humidity"
"790","00840682104876","Percent (%) Relative Humidity",90,"90","humidity"
"791","00840682104494","Percent (%) Relative Humidity",90,"90","humidity"
"792","00817655021454","Percent (%) Relative Humidity",90,"90","humidity"
"793","00817655021447","Percent (%) Relative Humidity",90,"90","humidity"
"794","00817655021430","Percent (%) Relative Humidity",90,"90","humidity"
"795","00817655021423","Percent (%) Relative Humidity",90,"90","humidity"
"796","00817655021270","Percent (%) Relative Humidity",90,"90","humidity"
"797","00817655020617","Percent (%) Relative Humidity",90,"90","humidity"
"798","00817655020105","Percent (%) Relative Humidity",90,"90","humidity"
"799","00817655020068","Percent (%) Relative Humidity",90,"90","humidity"
"800","00817655020051","Percent (%) Relative Humidity",90,"90","humidity"
"801","00812345029895","Percent (%) Relative Humidity",90,"90","humidity"
"802","00812345029888","Percent (%) Relative Humidity",90,"90","humidity"
"803","00812345029871","Percent (%) Relative Humidity",90,"90","humidity"
"804","00812345029772","Percent (%) Relative Humidity",90,"90","humidity"
"805","00812345029765","Percent (%) Relative Humidity",90,"90","humidity"
"806","00812345029642","Percent (%) Relative Humidity",90,"90","humidity"
"807","00812345029635","Percent (%) Relative Humidity",90,"90","humidity"
"808","00812345029628","Percent (%) Relative Humidity",90,"90","humidity"
"809","00812345029611","Percent (%) Relative Humidity",90,"90","humidity"
"810","00812345029604","Percent (%) Relative Humidity",90,"90","humidity"
"811","00812345029598","Percent (%) Relative Humidity",90,"90","humidity"
"812","00812345029581","Percent (%) Relative Humidity",90,"90","humidity"
"813","00812345029574","Percent (%) Relative Humidity",90,"90","humidity"
"814","00812345029567","Percent (%) Relative Humidity",90,"90","humidity"
"815","00812345029550","Percent (%) Relative Humidity",90,"90","humidity"
"816","00812345029543","Percent (%) Relative Humidity",90,"90","humidity"
"817","00812345029536","Percent (%) Relative Humidity",90,"90","humidity"
"818","00812345029529","Percent (%) Relative Humidity",90,"90","humidity"
"819","00812345029512","Percent (%) Relative Humidity",90,"90","humidity"
"820","00812345029505","Percent (%) Relative Humidity",90,"90","humidity"
"821","00812345029499","Percent (%) Relative Humidity",90,"90","humidity"
"822","00812345029482","Percent (%) Relative Humidity",90,"90","humidity"
"823","00812345027785","Percent (%) Relative Humidity",90,"90","humidity"
"824","00812345027778","Percent (%) Relative Humidity",90,"90","humidity"
"825","00812345027761","Percent (%) Relative Humidity",90,"90","humidity"
"826","00812345027754","Percent (%) Relative Humidity",90,"90","humidity"
"827","00812345027747","Percent (%) Relative Humidity",90,"90","humidity"
"828","00812345027730","Percent (%) Relative Humidity",90,"90","humidity"
"829","00812345022957","Percent (%) Relative Humidity",90,"90","humidity"
"830","00811392021029","Percent (%) Relative Humidity",90,"90","humidity"
"831","00613994546180","Percent (%) Relative Humidity",90,"90","humidity"
"832","00054749003914","Percent (%) Relative Humidity",90,"90","humidity"
"833","00054749003907","Percent (%) Relative Humidity",90,"90","humidity"
"834","00054749003891","Percent (%) Relative Humidity",90,"90","humidity"
"835","00054749003884","Percent (%) Relative Humidity",90,"90","humidity"
"836","00054749003877","Percent (%) Relative Humidity",90,"90","humidity"
"837","00054749003860","Percent (%) Relative Humidity",90,"90","humidity"
"838","00054749003853","Percent (%) Relative Humidity",90,"90","humidity"
"839","00054749003846","Percent (%) Relative Humidity",90,"90","humidity"
"840","00054749003839","Percent (%) Relative Humidity",90,"90","humidity"
"841","00054749003822","Percent (%) Relative Humidity",90,"90","humidity"
"842","00054749003815","Percent (%) Relative Humidity",90,"90","humidity"
"843","00054749003808","Percent (%) Relative Humidity",90,"90","humidity"
"844","00054749003792","Percent (%) Relative Humidity",90,"90","humidity"
"845","00054749003785","Percent (%) Relative Humidity",90,"90","humidity"
"846","00054749003778","Percent (%) Relative Humidity",90,"90","humidity"
"847","00054749003761","Percent (%) Relative Humidity",90,"90","humidity"
"848","00054749003754","Percent (%) Relative Humidity",90,"90","humidity"
"849","00054749003747","Percent (%) Relative Humidity",90,"90","humidity"
"850","00054749003730","Percent (%) Relative Humidity",90,"90","humidity"
"851","00054749003723","Percent (%) Relative Humidity",90,"90","humidity"
"852","00054749003716","Percent (%) Relative Humidity",90,"90","humidity"
"853","00054749003709","Percent (%) Relative Humidity",90,"90","humidity"
"854","00054749003693","Percent (%) Relative Humidity",90,"90","humidity"
"855","00054749003600","Percent (%) Relative Humidity",90,"90","humidity"
"856","00054749003587","Percent (%) Relative Humidity",90,"90","humidity"
"857","00054749003402","Percent (%) Relative Humidity",90,"90","humidity"
"858","00054749003396","Percent (%) Relative Humidity",90,"90","humidity"
"859","00054749003389","Percent (%) Relative Humidity",90,"90","humidity"
"860","00054749003372","Percent (%) Relative Humidity",90,"90","humidity"
"861","00054749003365","Percent (%) Relative Humidity",90,"90","humidity"
"862","00054749003358","Percent (%) Relative Humidity",90,"90","humidity"
"863","00054749003044","Percent (%) Relative Humidity",90,"90","humidity"
"864","00054749002528","Percent (%) Relative Humidity",90,"90","humidity"
"865","00054749001408","Percent (%) Relative Humidity",90,"90","humidity"
"866","00054749001262","Percent (%) Relative Humidity",90,"90","humidity"
"867","B139WV00090","Percent (%) Relative Humidity",90,"90","humidity"
"868","88000427000278","Percent (%) Relative Humidity",90,"90","humidity"
"869","88000427000100","Percent (%) Relative Humidity",90,"90","humidity"
"870","28938533047093","Percent (%) Relative Humidity",90,"90","humidity"
"871","28938533047055","Percent (%) Relative Humidity",90,"90","humidity"
"872","28936000172897","Percent (%) Relative Humidity",90,"90","humidity"
"873","18938533047041","Percent (%) Relative Humidity",90,"90","humidity"
"874","18938533047027","Percent (%) Relative Humidity",90,"90","humidity"
"875","17290112450064","Percent (%) Relative Humidity",90,"90","humidity"
"876","10884521703766","Percent (%) Relative Humidity",90,"90","humidity"
"877","10884521703742","Percent (%) Relative Humidity",90,"90","humidity"
"878","10884521703728","Percent (%) Relative Humidity",90,"90","humidity"
"879","10841898123245","Percent (%) Relative Humidity",90,"90","humidity"
"880","10841898123238","Percent (%) Relative Humidity",90,"90","humidity"
"881","10841898123221","Percent (%) Relative Humidity",90,"90","humidity"
"882","10841898123214","Percent (%) Relative Humidity",90,"90","humidity"
"883","10841898121708","Percent (%) Relative Humidity",90,"90","humidity"
"884","10841898121692","Percent (%) Relative Humidity",90,"90","humidity"
"885","10841898110122","Percent (%) Relative Humidity",90,"90","humidity"
"886","10841898110115","Percent (%) Relative Humidity",90,"90","humidity"
"887","10841898110108","Percent (%) Relative Humidity",90,"90","humidity"
"888","10841898110092","Percent (%) Relative Humidity",90,"90","humidity"
"889","09008737346881","Percent (%) Relative Humidity",90,"90","humidity"
"890","09008737346874","Percent (%) Relative Humidity",90,"90","humidity"
"891","09008737346867","Percent (%) Relative Humidity",90,"90","humidity"
"892","09008737346850","Percent (%) Relative Humidity",90,"90","humidity"
"893","08800042700966","Percent (%) Relative Humidity",90,"90","humidity"
"894","08800042700959","Percent (%) Relative Humidity",90,"90","humidity"
"895","08800042700942","Percent (%) Relative Humidity",90,"90","humidity"
"896","08800042700935","Percent (%) Relative Humidity",90,"90","humidity"
"897","08800042700751","Percent (%) Relative Humidity",90,"90","humidity"
"898","08800042700720","Percent (%) Relative Humidity",90,"90","humidity"
"899","08800042700713","Percent (%) Relative Humidity",90,"90","humidity"
"900","08800042700683","Percent (%) Relative Humidity",90,"90","humidity"
"901","08800042700652","Percent (%) Relative Humidity",90,"90","humidity"
"902","08800042700645","Percent (%) Relative Humidity",90,"90","humidity"
"903","08800042700607","Percent (%) Relative Humidity",90,"90","humidity"
"904","08800042700447","Percent (%) Relative Humidity",90,"90","humidity"
"905","08800042700430","Percent (%) Relative Humidity",90,"90","humidity"
"906","08800042700348","Percent (%) Relative Humidity",90,"90","humidity"
"907","08800042700331","Percent (%) Relative Humidity",90,"90","humidity"
"908","08800042700089","Percent (%) Relative Humidity",90,"90","humidity"
"909","08800042700072","Percent (%) Relative Humidity",90,"90","humidity"
"910","08800042700027","Percent (%) Relative Humidity",90,"90","humidity"
"911","08800042700010","Percent (%) Relative Humidity",90,"90","humidity"
"912","07613327311891","Percent (%) Relative Humidity",90,"90","humidity"
"913","07613327303889","Percent (%) Relative Humidity",90,"90","humidity"
"914","07613327303872","Percent (%) Relative Humidity",90,"90","humidity"
"915","07613327303865","Percent (%) Relative Humidity",90,"90","humidity"
"916","06009880396788","Percent (%) Relative Humidity",90,"90","humidity"
"917","06009880396344","Percent (%) Relative Humidity",90,"90","humidity"
"918","06009880396337","Percent (%) Relative Humidity",90,"90","humidity"
"919","06009880396320","Percent (%) Relative Humidity",90,"90","humidity"
"920","06009880396313","Percent (%) Relative Humidity",90,"90","humidity"
"921","06009880396245","Percent (%) Relative Humidity",90,"90","humidity"
"922","06009880396160","Percent (%) Relative Humidity",90,"90","humidity"
"923","06009880396153","Percent (%) Relative Humidity",90,"90","humidity"
"924","06009880396146","Percent (%) Relative Humidity",90,"90","humidity"
"925","06009880396139","Percent (%) Relative Humidity",90,"90","humidity"
"926","06009880396085","Percent (%) Relative Humidity",90,"90","humidity"
"927","06009880396078","Percent (%) Relative Humidity",90,"90","humidity"
"928","06009880396030","Percent (%) Relative Humidity",90,"90","humidity"
"929","06009880396023","Percent (%) Relative Humidity",90,"90","humidity"
"930","03662674000389","Percent (%) Relative Humidity",90,"90","humidity"
"931","03662674000372","Percent (%) Relative Humidity",90,"90","humidity"
"932","03662674000129","Percent (%) Relative Humidity",90,"90","humidity"
"933","03662674000112","Percent (%) Relative Humidity",90,"90","humidity"
"934","03662674000075","Percent (%) Relative Humidity",90,"90","humidity"
"935","03662674000068","Percent (%) Relative Humidity",90,"90","humidity"
"936","03662674000051","Percent (%) Relative Humidity",90,"90","humidity"
"937","03662674000044","Percent (%) Relative Humidity",90,"90","humidity"
"938","03662674000037","Percent (%) Relative Humidity",90,"90","humidity"
"939","03662674000020","Percent (%) Relative Humidity",90,"90","humidity"
"940","03662674000013","Percent (%) Relative Humidity",90,"90","humidity"
"941","03662674000006","Percent (%) Relative Humidity",90,"90","humidity"
"942","03615020000465","Percent (%) Relative Humidity",90,"90","humidity"
"943","03615020000342","Percent (%) Relative Humidity",90,"90","humidity"
"944","03615020000335","Percent (%) Relative Humidity",90,"90","humidity"
"945","03615020000328","Percent (%) Relative Humidity",90,"90","humidity"
"946","03615020000311","Percent (%) Relative Humidity",90,"90","humidity"
"947","03615020000304","Percent (%) Relative Humidity",90,"90","humidity"
"948","03615020000298","Percent (%) Relative Humidity",90,"90","humidity"
"949","03615020000281","Percent (%) Relative Humidity",90,"90","humidity"
"950","03615020000274","Percent (%) Relative Humidity",90,"90","humidity"
"951","00885825020958","Percent (%) Relative Humidity",90,"90","humidity"
"952","00885825020941","Percent (%) Relative Humidity",90,"90","humidity"
"953","00885825020927","Percent (%) Relative Humidity",90,"90","humidity"
"954","00885825020910","Percent (%) Relative Humidity",90,"90","humidity"
"955","00885825011376","Percent (%) Relative Humidity",90,"90","humidity"
"956","00885825011369","Percent (%) Relative Humidity",90,"90","humidity"
"957","00885825011352","Percent (%) Relative Humidity",90,"90","humidity"
"958","00885825011338","Percent (%) Relative Humidity",90,"90","humidity"
"959","00885825002350","Percent (%) Relative Humidity",90,"90","humidity"
"960","00885825002343","Percent (%) Relative Humidity",90,"90","humidity"
"961","00885825002336","Percent (%) Relative Humidity",90,"90","humidity"
"962","00885825002329","Percent (%) Relative Humidity",90,"90","humidity"
"963","00869876000053","Percent (%) Relative Humidity",93,"93","humidity"
"964","00869876000039","Percent (%) Relative Humidity",93,"93","humidity"
"965","00853879007065","Percent (%) Relative Humidity",93,"93","humidity"
"966","00850842006247","Percent (%) Relative Humidity",93,"93","humidity"
"967","00850842006063","Percent (%) Relative Humidity",93,"93","humidity"
"968","00850842006056","Percent (%) Relative Humidity",93,"93","humidity"
"969","00311917194646","Percent (%) Relative Humidity",93,"93","humidity"
"970","00311917194639","Percent (%) Relative Humidity",93,"93","humidity"
"971","00311917183411","Percent (%) Relative Humidity",93,"93","humidity"
"972","00311917183404","Percent (%) Relative Humidity",93,"93","humidity"
"973","00311917183398","Percent (%) Relative Humidity",93,"93","humidity"
"974","00311917183381","Percent (%) Relative Humidity",93,"93","humidity"
"975","00311917183374","Percent (%) Relative Humidity",93,"93","humidity"
"976","00311917183367","Percent (%) Relative Humidity",93,"93","humidity"
"977","00193489038654","Percent (%) Relative Humidity",93,"93","humidity"
"978","00050428504666","Percent (%) Relative Humidity",93,"93","humidity"
"979","10888277697980","Percent (%) Relative Humidity",93,"93","humidity"
"980","10888277697973","Percent (%) Relative Humidity",93,"93","humidity"
"981","10888277697966","Percent (%) Relative Humidity",93,"93","humidity"
"982","10888277697959","Percent (%) Relative Humidity",93,"93","humidity"
"983","10888277697942","Percent (%) Relative Humidity",93,"93","humidity"
"984","10888277697935","Percent (%) Relative Humidity",93,"93","humidity"
"985","10888277697928","Percent (%) Relative Humidity",93,"93","humidity"
"986","10888277697911","Percent (%) Relative Humidity",93,"93","humidity"
"987","10888277697904","Percent (%) Relative Humidity",93,"93","humidity"
"988","10888277697898","Percent (%) Relative Humidity",93,"93","humidity"
"989","10888277697881","Percent (%) Relative Humidity",93,"93","humidity"
"990","10888277697874","Percent (%) Relative Humidity",93,"93","humidity"
"991","10888277697867","Percent (%) Relative Humidity",93,"93","humidity"
"992","10888277697850","Percent (%) Relative Humidity",93,"93","humidity"
"993","10888277697843","Percent (%) Relative Humidity",93,"93","humidity"
"994","10888277697836","Percent (%) Relative Humidity",93,"93","humidity"
"995","10888277697829","Percent (%) Relative Humidity",93,"93","humidity"
"996","10888277697812","Percent (%) Relative Humidity",93,"93","humidity"
"997","10888277697805","Percent (%) Relative Humidity",93,"93","humidity"
"998","10888277697799","Percent (%) Relative Humidity",93,"93","humidity"
"999","10888277697782","Percent (%) Relative Humidity",93,"93","humidity"
"1000","10888277697775","Percent (%) Relative Humidity",93,"93","humidity"
